"ID","NOME"
"54534","PRENDEDOR ESFREBOM PLASTICO EMBOR. 12 UND"
"1629","AMAC URCA 5 L BRISA AZUL"
"60663","AMENDOIM 100 G SEM PELE MANIX"
"14243","B CEREAL (D) 22G NUTRY AVEIA/BAN/MEL"
"50032","MOLHO 60ML TABASCO PEPPER SAUCE RED ORIGINAL"
"54669","SACO P/ LIXO BRILHUS ROLO 50L C/ 30 UND"
"60211","DESENGORDURANTE 500 ML URCA"
"29160","LAVA ROUPA 5 L LIQ URCA AZUL"
"44036","DESOD 42G INTENS CONTR CLINICAL FEM"
"60852","TONICO FACIAL 200ML NIVEA CONTRLE DE BRILHO"
"2475","TODDYNHO 200ML TRADICIONAL"
"65781","BATATA PALHA 215 G ELMA CHIPS TRADICIONAL"
"64257","FANDANGOS 52 G QUEIJO"
"65804","AZEIT ANDORINHA 500ML EV - IMP"
"2041","BATATA STAX 156G CHEDDAR"
"64353","BATATA LAYS 80 G SOUR CREAM"
"447","ESC NOVICA ADAPT (114)"
"2156","BATATA STAX 163 G ORIGINAL"
"65324","MASCARA CIRUGICA DESCARTAVEL NAT CLEAN PROF C/50"
"50033","MOLHO 60ML TABASCO PEPPER SAUCE GREEN"
"63731","BISC 350 G MABEL ROSQUINHAS CHOCOLATE"
"52110","ESPJ ESFREBOM C/6 MULTIUSO + POTE GRATIS"
"59215","HIDRATANTE 400ML NIVEA FIRMADOR TODO TIPO D PEL"
"64231","MASCARA DESCARTAVEL NATURAL CLEAN C/ 50 UND"
"1568","ABS DEFINITY 1A1 8 UND S/ ABAS (1163)"
"1569","ABS DEFINITY 1A1 8 UND C/ABAS (1164)"
"22681","BISC 150G TODDY COOKIES ORIGINAL"
"707","FDA GERIAMAX ADULTO (M) 9 UND(3159)"
"27780","MR MUSC COZINHA LR AP 500ML 315514"
"66294","GIN 250 ML ROCK'S PET POCKET"
"65720","DORITOS 140G SWEET CHILLI"
"5663","TOA UME NATURAL BABY L100 P80 (3130)"
"30824","LAVA ROUPA 5 L LIQ URCA VERDE"
"45894","AMAC CONC URCA 1 L BRISA DA PRIMAV"
"38353","PROT SOLAR 200ML NIVEA FPS 50"
"44037","DESOD 42G INTENS CONTR CLINICAL MASC"
"64255","FANDANGOS 50 G QUEIJO"
"51610","BISC 150G TODDY COOKIES CHOCOLATE"
"706","FDA GERIAMAX ADULTO (G) 8 UND (765)"
"705","ABS NAT L24 P16 UND GEL ESP C/ABAS (2090)"
"2040","BATATA STAX 156G SOUR CREAM&ONIO"
"64122","BISC 350 G MABEL ROSQUINHAS BANANA CANELA"
"59113","SABONETE 85G NIVEA HIDRATANTE TALCO&OLEO AMEN"
"66197","FANDANGOS 45 G QUEIJO"
"14610","TOA UMED 40 UND BACKYARDIGANS CONF (3725)"
"1532","SABAO 500G URCA PASTA"
"48947","AGUA MICELLAIR 200ML NIVEA 7EM1"
